{"cameraMode":{"drawMode":0,"name":"Shaded","section":"Shading Mode"},"sceneLighting":true,"audioPlay":false,"sceneViewState":{"showFog":false,"showMaterialUpdate":false,"showSkybox":false,"showFlares":false,"showImageEffects":false,"showParticleSystems":false},"in2DMode":false,"pivot":{"x":3.0547142028808595,"y":0.12716460227966309,"z":-1.0391514301300049},"rotation":{"x":0.044055547565221789,"y":-0.9285485744476318,"z":0.3495106101036072,"w":0.11704262346029282},"size":7.949526309967041,"orthographic":false}